{"Layers":[{"$type":"MyMachineLearningLibrary.InputLayer","ActivationFunction":null,"LayerOutputs":{"Values":[[0.6666666666666666],[0.3333333333333333],[1],[0.6666666666666666],[0]],"RowLength":5,"ColoumnLength":1,"ElementCount":5,"Sum":2.6666666666666665,"Average":0.5333333333333333},"NumberOfPerceptrons":5,"Gradients":{"Values":[[0],[0],[0],[0],[0]],"RowLength":5,"ColoumnLength":1,"ElementCount":5,"Sum":0,"Average":0}},{"$type":"MyMachineLearningLibrary.DenseLayer","ActivationFunction":{"$type":"MyMachineLearningLibrary.SigmoidActivationFunction"},"LayerOutputs":{"Values":[[3.7822081109219117E-171],[7.586623901135941E-25],[1],[5.430021365212218E-31],[0.9999999598545283],[2.7516711869645426E-34]],"RowLength":6,"ColoumnLength":1,"ElementCount":6,"Sum":1.9999999598545282,"Average":0.3333333266424214},"Weights":{"Values":[[-164.88512783835952,-117.57228168347987,-174.97916276111314,-93.60287508526527,551.5001014610369],[28.330679387704368,26.69549980832324,24.525517773403784,26.693955659213685,25.84491098200129],[167.82763183634015,120.20577034625413,179.11713186997474,95.72440150583559,-562.3780621456483],[-29.49888317275166,-32.20125552454591,-29.370319097730306,-25.959703081394068,-30.903677746781753],[2.55101526953981,2.634214649485854,2.4077900766276623,2.016811201171231,2.210908083845447],[-32.38483785410662,-34.842657011912685,-32.32951404523693,-29.368779791244904,-33.75230928228382]],"RowLength":6,"ColoumnLength":5,"ElementCount":30,"Sum":-165.74310621109686,"Average":-5.524770207036562},"Biases":{"Values":[[-5.916484301885106],[-125.64534838200012],[-6.437796507777287],[7.388266961126994],[10.699676873393102],[7.837126749096329]],"RowLength":6,"ColoumnLength":1,"ElementCount":6,"Sum":-112.07455860804609,"Average":-18.679093101341014},"NumberOfPerceptrons":6,"Gradients":{"Values":[[0],[0],[0],[0],[0],[0]],"RowLength":6,"ColoumnLength":1,"ElementCount":6,"Sum":0,"Average":0}},{"$type":"MyMachineLearningLibrary.DenseLayer","ActivationFunction":{"$type":"MyMachineLearningLibrary.SigmoidActivationFunction"},"LayerOutputs":{"Values":[[3.710722560537147E-31]],"RowLength":1,"ColoumnLength":1,"ElementCount":1,"Sum":3.710722560537147E-31,"Average":3.710722560537147E-31},"Weights":{"Values":[[-67.62811984314945,7.127197691068216,-75.08736064611003,3.130348044306228,1.016005687123522,4.614737672776216]],"RowLength":1,"ColoumnLength":6,"ElementCount":6,"Sum":-126.82719139398529,"Average":-21.13786523233088},"Biases":{"Values":[[4.002443734867744]],"RowLength":1,"ColoumnLength":1,"ElementCount":1,"Sum":4.002443734867744,"Average":4.002443734867744},"NumberOfPerceptrons":1,"Gradients":{"Values":[[0]],"RowLength":1,"ColoumnLength":1,"ElementCount":1,"Sum":0,"Average":0}}],"LearningRate":0.01,"NumberOfInputs":5,"LossFunction":{"$type":"MyMachineLearningLibrary.BinaryCrossEntropyLossFunction"}}