{"Layers":[{"$type":"MyMachineLearningLibrary.DenseLayer","ActivationFunction":{"$type":"MyMachineLearningLibrary.ReluActivationFunction","Leak":0.001},"LayerOutputs":{"Values":[[0.7770677267550021],[0.07406830778631668],[0.2764207934246701],[0.13325070753762347]],"RowLength":4,"ColoumnLength":1},"Weights":{"Values":[[0.39658635336569725,0.49528562764118145],[0.5140600321221132,0.4584737115693096],[0.7935284879848874,-0.9024863274285164],[-0.8386823369065752,0.21345440658424142]],"RowLength":4,"ColoumnLength":2},"Biases":{"Values":[[-0.11480425425187657],[-0.8984654359051061],[0.3853786328682991],[0.7584786378599573]],"RowLength":4,"ColoumnLength":1},"NumberOfPerceptrons":4,"Gradients":{"Values":[[0],[0],[0],[0]],"RowLength":4,"ColoumnLength":1}},{"$type":"MyMachineLearningLibrary.DenseLayer","ActivationFunction":{"$type":"MyMachineLearningLibrary.ReluActivationFunction","Leak":0.001},"LayerOutputs":{"Values":[[1.509903313490213E-14]],"RowLength":1,"ColoumnLength":1},"Weights":{"Values":[[4.148150525441793,-2.0188189791441378,3.845036604781303,4.244178434858708]],"RowLength":1,"ColoumnLength":4},"Biases":{"Values":[[-4.702251241931895]],"RowLength":1,"ColoumnLength":1},"NumberOfPerceptrons":1,"Gradients":{"Values":[[0]],"RowLength":1,"ColoumnLength":1}}],"LearningRate":0.05,"NumberOfInputs":2}